{
	"waterLevel": 0,
	"caves": false,
	"strongholds": false,
	"alternateStrongholdsPositions": false,
	"villages": false,
	"mineshafts": false,
	"temples": false,
	"oceanMonuments": false,
	"woodlandMansions": false,
	"ravines": false,
	"dungeons": false,
	"dungeonCount": 0,
	"lakes": [],
	"lavaOceans": false,
	"biome": 127,
	"biomeSize": 0,
	"riverSize": 0,
	"standardOres": [
		{
			"blockstate": {
				"Name": "minecraft:dirt",
				"Properties": {
					"variant": "dirt",
					"snowy": "false"
				}
			},
			"biomes": null,
			"placeBlockWhen": null,
			"generateWhen": null,
			"spawnSize": 33,
			"spawnTries": 10,
			"spawnProbability": 0.0625,
			"minHeight": -Infinity,
			"maxHeight": Infinity
		},
		{
			"blockstate": {
				"Name": "minecraft:gravel"
			},
			"biomes": null,
			"placeBlockWhen": null,
			"generateWhen": null,
			"spawnSize": 33,
			"spawnTries": 8,
			"spawnProbability": 0.0625,
			"minHeight": -Infinity,
			"maxHeight": Infinity
		},
		{
			"blockstate": {
				"Name": "minecraft:stone",
				"Properties": {
					"variant": "granite"
				}
			},
			"biomes": null,
			"placeBlockWhen": null,
			"generateWhen": null,
			"spawnSize": 33,
			"spawnTries": 10,
			"spawnProbability": 0.20000000298023224,
			"minHeight": -Infinity,
			"maxHeight": 0.25
		},
		{
			"blockstate": {
				"Name": "minecraft:stone",
				"Properties": {
					"variant": "diorite"
				}
			},
			"biomes": null,
			"placeBlockWhen": null,
			"generateWhen": null,
			"spawnSize": 33,
			"spawnTries": 10,
			"spawnProbability": 0.20000000298023224,
			"minHeight": -Infinity,
			"maxHeight": 0.25
		},
		{
			"blockstate": {
				"Name": "minecraft:stone",
				"Properties": {
					"variant": "andesite"
				}
			},
			"biomes": null,
			"placeBlockWhen": null,
			"generateWhen": null,
			"spawnSize": 33,
			"spawnTries": 10,
			"spawnProbability": 0.20000000298023224,
			"minHeight": -Infinity,
			"maxHeight": 0.25
		},
		{
			"blockstate": {
				"Name": "minecraft:glowstone"
			},
			"biomes": null,
			"placeBlockWhen": null,
			"generateWhen": null,
			"spawnSize": 4,
			"spawnTries": 100,
			"spawnProbability": 0.75,
			"minHeight": -Infinity,
			"maxHeight": 0.25
		}
	],
	"periodicGaussianOres": [],
	"expectedBaseHeight": 64.0,
	"expectedHeightVariation": 64.0,
	"actualHeight": 256.0,
	"heightVariationFactor": 0.0,
	"specialHeightVariationFactorBelowAverageY": 0.0,
	"heightVariationOffset": 1.25,
	"heightFactor": 64.0,
	"heightOffset": 64.0,
	"depthNoiseFactor": 0.0,
	"depthNoiseOffset": 0.0,
	"depthNoiseFrequencyX": 0.001878004870377481,
	"depthNoiseFrequencyZ": 0.001878004870377481,
	"depthNoiseOctaves": 1,
	"selectorNoiseFactor": 0.0,
	"selectorNoiseOffset": -3.5,
	"selectorNoiseFrequencyX": 0.016709277406334877,
	"selectorNoiseFrequencyY": 0.0625,
	"selectorNoiseFrequencyZ": 0.016709277406334877,
	"selectorNoiseOctaves": 4,
	"lowNoiseFactor": 0.0,
	"lowNoiseOffset": 0.0,
	"lowNoiseFrequencyX": 0.016709277406334877,
	"lowNoiseFrequencyY": 0.016709277406334877,
	"lowNoiseFrequencyZ": 0.016709277406334877,
	"lowNoiseOctaves": 4,
	"highNoiseFactor": 0.0,
	"highNoiseOffset": 0.0,
	"highNoiseFrequencyX": 0.005221649073064327,
	"highNoiseFrequencyY": 0.0026108245365321636,
	"highNoiseFrequencyZ": 0.005221649073064327,
	"highNoiseOctaves": 10,
	"cubeAreas": [],
	"replacerConfig": {
		"defaults": {
			"cubicgen:height_scale": 64.0,
			"cubicgen:surface_depth_limit": 9.0,
			"cubicgen:water_level": 0.0,
			"cubicgen:biome_fill_depth_factor": 2.3333333333333335,
			"cubicgen:terrain_fill_block": {
				"Name": "minecraft:stone",
				"Properties": {
					"variant": "stone"
				}
			},
			"cubicgen:mesa_depth": 16.0,
			"cubicgen:biome_fill_depth_offset": 3.0,
			"cubicgen:biome_fill_noise_octaves": 4.0,
			"cubicgen:ocean_block": {
				"Properties": {
					"level": 0.0
				},
				"Name": "minecraft:water"
			},
			"cubicgen:biome_fill_noise_freq": 0.0078125,
			"cubicgen:horizontal_gradient_depth_decrease_weight": 1.0,
			"cubicgen:height_offset": 64.0
		},
		"overrides": { }
	},
	"version": 5
}